id	parent	val_bpb	pre_quant_bpb	quant_tax	artifact_mb	step_avg_ms	crashed	size_violation	status	description
0001_baseline_repro	canonical	2.52115777	2.5157	0.005458	6.907	1210.22	false	false	keep	canonical baseline; bit-reproduces Apr-18 reference
0002_mlp_mult_3	canonical	2.51903467	2.5111	0.007935	8.404	1265.77	false	false	discard	MLP_MULT 2->3, +1.5MB artifact, Δ=+0.002 noise
0003_qk_gain_5	canonical	2.51947665	2.5144	0.005077	7.01	1185.76	false	false	discard	QK_GAIN_INIT 1.5->5.0, Δ=+0.002 noise
0005_warmdown_600_warmup_10	canonical	2.40516607	2.4023	0.002866	8.105	1183.74	false	false	keep	warmup10+warmdown600, 2x avg LR, Δ=+0.116 [transfer:low]
0006_warmdown_600_warmup_10_seed42	canonical	2.40271652	2.3996	0.003117	8.117	1200.28	false	false	keep	SEED=42 confirms 0005 (Δ between seeds 0.0024) [transfer:low]
0007_mlp_mult_3_on_winner	canonical	2.39927202	2.3954	0.003872	9.967	1263.15	false	false	discard	MLP_MULT=3 on winner, Δ=+0.006; superseded by 0008 MLP_MULT=4
0008_mlp_mult_4_on_winner	canonical	2.39134802	2.3864	0.004948	11.774	1360.36	false	false	keep	MLP_MULT=4 on winner schedule, Δ=+0.014 vs 0005 [transfer:high]
0009_mlp_mult_5_on_winner	canonical	2.38468141	2.3827	0.001981	13.536	1434.38	false	false	discard	MLP_MULT=5 SEED=1337; gain refuted by 0010 (SEED=42 quant_tax normalized)
0010_mlp_mult_5_on_winner_seed42	canonical	2.39114494	2.3877	0.003445	13.509	1463.85	false	false	discard	MLP_MULT=5 SEED=42; pre-quant 2.3877 worse than 0008 mlp4 (2.3864). Capacity ceiling at mlp_mult=4
0011_qk_gain_5_on_winner	canonical	2.41938153	2.4137	0.005682	11.904	1347.42	false	false	discard	QK_GAIN=5 on winner: Δ=-0.028 (HURTS); schedule-masking hid a real negative effect
0012_seq_len_2048_on_winner	canonical	2.36856787	2.3654	0.003168	11.69	3431.67	false	false	keep	seq_len=2048 + batch_tokens=16384 on mlp4 winner, Δ=+0.023 (CONFOUNDED — needs 0013 batch-only control to decompose) [transfer:high]
0013_batch_16k_on_winner	canonical	2.30956354	2.3059	0.003664	11.753	2577.98	false	false	keep	TRAIN_BATCH_TOKENS=16384 (seq=1024) on mlp4 winner; Δ=+0.082 vs 0008, +0.058 vs 0012. Decomposes 0012: batch was the lever, seq=2048 hurt. [transfer:high]
0014_batch_16k_on_winner_seed42	canonical	2.31198893	2.3065	0.005489	11.732	2478.72	false	false	keep	SEED=42 confirms 0013 (cross-seed Δ=0.0024) [transfer:high]
0015_warmdown_400_warmup_20	canonical	2.25467822	2.2519	0.002778	12.919	2469.04	false	false	keep	WARMDOWN=400+WARMUP=20+batch=16k+mlp4; Δ=+0.055 vs 0013, smoother warmup+higher avg lr_mul (0.255) [transfer:low]
0016_warmdown_400_warmup_20_seed42	canonical	2.25739792	2.2546	0.002798	12.904	2462.16	false	false	keep	SEED=42 confirms 0015 (cross-seed Δ=0.0027) [transfer:low]
0017_regression_check_001	canonical	2.52115777	2.5157	0.005458	6.907	1144.06	false	false	sentinel	bit-exact match to 0001 baseline (val_bpb 2.52115777); harness healthy
0018_batch_32k_on_winner	canonical	2.59031539	2.5900	0.000315	11.565	4998.01	false	false	discard	batch=32k regressed badly (Δ=-0.336 vs 0015): mode collapse (train_loss 0.55, val 4.43); 32k+current LR is too aggressive; would need LR re-tune
0019_num_layers_11_on_winner	canonical	2.25217348	2.2515	0.000673	15.672	3135.08	false	false	discard	NUM_LAYERS=11 on winner: Δ=+0.0025 (noise) post-quant, +0.0004 pre-quant. Depth ceiling at 200 steps — like mlp5 ceiling.
0020_warmdown_300_warmup_30	canonical	2.22594746	2.2228	0.003147	13.711	2570.84	false	false	keep	WARMDOWN=300+WARMUP=30+batch=16k+mlp4; Δ=+0.029 vs 0015; clean (pre/post Δ match, normal quant_tax) [transfer:low]
0021_matrix_lr_06_on_winner	canonical	2.20995664	2.2087	0.001257	15.25	2559.46	false	false	keep	MATRIX_LR=0.06 (1.5x baseline) on 0020 winner; Δ=+0.016 vs 0020, clean. Artifact 15.25 MB (tight). [transfer:med]
0022_tied_embed_lr_075_on_winner	canonical	2.22164414	2.2205	0.001144	15.186	2488.20	false	false	discard	TIED_EMBED_LR=0.075 (1.5x); Δ=-0.012 (HURTS). Embedding LR more sensitive than matrix LR.
0023_tied_embed_init_std_02_on_winner	canonical	2.19846699	2.1969	0.001567	15.42	2461.66	false	false	keep	TIED_EMBED_INIT_STD=0.02 (4x baseline) on 0021 winner; Δ=+0.011 (just over noise floor); clean pre/post match [transfer:high]
0024_tied_embed_init_std_05_on_winner	canonical	2.17102542	2.1703	0.000725	15.592	2547.36	false	false	keep	TIED_EMBED_INIT_STD=0.05 (10x baseline); Δ=+0.027 vs 0023, clean. Init still paying. [transfer:high]
0025_tied_embed_init_std_1_on_winner	canonical	2.26673757	2.2658	0.000938	15.913	2454.23	false	false	discard	TIED_EMBED_INIT_STD=0.1 (20x baseline); Δ=-0.096 vs 0024 (overshoots). Init optimum is near 0.05.
0026_logit_softcap_15_on_winner	canonical	2.21480550	2.2128	0.002006	15.534	2454.63	false	false	discard	LOGIT_SOFTCAP=15 (vs default 30); Δ=-0.044 (HURTS). Tighter cap clips useful signal.
0027_warmdown_250_warmup_35	canonical	2.16212926	2.1605	0.001629	15.964	2450.56	false	false	discard	WARMDOWN=250+WARMUP=35 SEED=1337 Δ=+0.009; refuted by 0028 SEED=42 (Δ=+0.001). Mean Δ 0.005 — schedule plateau.
0028_warmdown_250_warmup_35_seed42	canonical	2.17008886	2.1696	0.000489	15.964	2462.94	false	false	discard	SEED=42 of 0027; Δ=+0.001 (noise). Disconfirms 0027 marginal gain. Schedule push axis done.
0029_muon_momentum_09	canonical	2.16772949	2.1658	0.001929	15.512	2453.08	false	false	discard	MUON_MOMENTUM=0.9 (vs 0.95); Δ=+0.003 (noise band).
0030_muon_momentum_085	canonical	2.16829174	2.1669	0.001392	15.438	2455.19	false	false	discard	MUON_MOMENTUM=0.85; Δ=+0.003 (noise). Same magnitude as 0029 — momentum not a meaningful axis here.
0031_scalar_lr_06_on_winner	canonical	2.18277135	2.1813	0.001471	15.582	2550.40	false	false	discard	SCALAR_LR=0.06 (1.5x); Δ=-0.012 (HURTS). Like TIED_EMBED_LR — small-param-count LRs are sensitive; only MATRIX_LR scales up.
0032_beta2_099_on_winner	canonical	2.16153893	2.1612	0.000339	15.587	2454.68	false	false	discard	BETA2=0.99 SEED=1337 Δ=+0.010; refuted by 0033 SEED=42 (Δ=-0.006). Cross-seed Δ 0.015 — freak.
0033_beta2_099_on_winner_seed42	canonical	2.17668594	2.1746	0.002086	15.59	2457.87	false	false	discard	SEED=42 of 0032; Δ=-0.006 vs 0024. Disconfirms BETA2=0.99 effect.
0034_beta1_095_on_winner	canonical	2.19509351	2.1937	0.001394	15.588	2454.45	false	false	discard	BETA1=0.95 (vs 0.9 default); Δ=-0.024 (HURTS). Adam beta1 default is correct.
0035_rope_base_20k_on_winner	canonical	2.16856078	2.1663	0.002261	15.595	2453.33	false	false	discard	ROPE_BASE=20000 (vs 10000 default); Δ=+0.0025 (noise). RoPE base not a meaningful axis at seq=1024.
0036_batch_24k_lr_045	canonical	2.12602891	2.1233	0.002729	14.619	3642.25	false	false	keep	batch=24k + MATRIX_LR=0.045 (down from 0.06) on 0024 winner; Δ=+0.045 vs 0024. Bigger batch at *lower* LR works — refutes 0018 batch-ceiling hypothesis. [transfer:high]
0037_batch_32k_lr_03	canonical	2.56784625	2.5664	0.001446	11.832	4855.28	false	false	discard	batch=32k+LR=0.03 still collapses (Δ=-0.442). Lower LR didn't save 32k. batch=32k specifically is too big.
0038_grad_clip_1_on_winner	canonical	2.12336631	2.1208	0.002566	14.412	3680.62	false	false	discard	GRAD_CLIP_NORM=1.0 (vs 0=disabled); Δ=+0.003 vs 0036 (noise). Not a meaningful axis.
0039_init_07_on_24k_winner	canonical	2.18360348	2.1810	0.002603	14.819	3645.53	false	false	discard	TIED_EMBED_INIT_STD=0.07 on 24k winner; Δ=-0.058 (HURTS). Init optimum stays near 0.05 even on new batch=24k regime.
0040_init_04_on_24k_winner	canonical	2.12769478	2.1235	0.004195	14.478	3643.37	false	false	discard	TIED_EMBED_INIT_STD=0.04 on 24k winner; Δ=-0.002 (noise). Init=0.05 confirmed as optimum on new regime too.
0041_ortho_init_on_winner	canonical	2.14813002	2.1450	0.00313	14.73	3638.06	false	false	discard	ORTHO_INIT=1 (code change: orthogonal init for non-zero-init Linear); Δ=-0.022 vs 0036 (HURTS). Default kaiming + Muon + ReLU² better here.
0042_matrix_lr_05_24k_winner	canonical	2.11792500	2.1158	0.002125	14.986	3645.81	false	false	discard	MATRIX_LR=0.05 SEED=1337 Δ=+0.008; refuted by 0043 SEED=42 (Δ=+0.0001). Mean Δ +0.004 — sub-noise. LR=0.045 was at optimum.
0043_matrix_lr_05_24k_seed42	canonical	2.12596808	2.1250	0.000968	15.002	3641.11	false	false	discard	SEED=42 of 0042; cross-seed Δ 0.008 — disconfirms MATRIX_LR=0.05. LR=0.045 at batch=24k is optimum.
0044_swiglu_mlp_3	canonical	2.11489235	2.1122	0.002692	16.46	3721.05	false	true	parked	SwiGLU(mlp=3) Δ=+0.011 vs 0036 (real gain) BUT artifact 16.46 MB > 16 MB cap = INVALID. Try SwiGLU(mlp=2) for cap-fit variant. [transfer:high if it fits]
0045_swiglu_mlp_2	0044_swiglu_mlp_3	2.12347196	2.1202	0.003272	12.665	3437.18	false	false	discard	SwiGLU(mlp=2) Δ=+0.003 vs 0036 (noise). Per-param more efficient (12.7 MB artifact) but no net gain.
0046_swiglu_mlp_3_lr_035	0044_swiglu_mlp_3	2.14453942	2.1428	0.001739	15.716	3722.44	false	false	discard	SwiGLU(mlp=3)+LR=0.035; artifact 15.72 MB (fits cap) but Δ=-0.019 vs 0036. Lowering LR to fit cap also lost the SwiGLU gain.
0047_batch_24k_lr_045_seed42	canonical	2.14044750	2.1378	0.002648	14.626	3639.38	false	false	keep	SEED=42 of 0036; cross-seed Δ 0.014 (high variance vs typical 0.0024). Mean Δ vs 0024 = +0.038 — confirmed real win, smaller than single-seed claim.
0048_leaky_relu2_mlp4	canonical	2.12490477	2.1225	0.002405	14.619	3642.79	false	false	discard	LeakyReLU²(slope=0.1) vs ReLU² on 0036; Δ=+0.001 (noise). Activation choice is not a meaningful axis here.
0049_muon_backend_steps_10	canonical	2.12284712	2.1211	0.001747	15.223	3739.21	false	false	keep	MUON_BACKEND_STEPS=10 (vs 5); confirmed by 0050 SEED=42. Same-seed Δ avg +0.0066 vs 0036/0047 (judgment-zone advance). Better Newton-Schulz orthogonalization. [transfer:med]
0050_muon_backend_steps_10_seed42	canonical	2.13046695	2.1282	0.002267	15.252	3735.90	false	false	keep	SEED=42 confirms 0049. Same-seed Δ +0.010 vs 0047. Mean Δ +0.0066 vs 0036/0047 mean. [transfer:med]
0051_muon_backend_steps_15	canonical	2.10971211	2.1084	0.001312	15.18	3836.02	false	false	keep	MUON_BACKEND_STEPS=15 (vs 10); Δ=+0.013 vs 0049 (direct promote). Newton-Schulz keeps improving with more iterations. [transfer:med]
0052_muon_backend_steps_20	canonical	2.11804372	2.1162	0.001844	15.245	3940.53	false	false	discard	MUON_BACKEND_STEPS=20; Δ=-0.008 vs 0051 (15 steps). Orthogonalization saturates between 15 and 20. 0051 is near optimum.
0053_muon_backend_steps_12	canonical	2.11943984	2.1171	0.00234	15.24	3775.97	false	false	discard	MUON_BACKEND_STEPS=12; Δ=-0.010 vs 0051 (15). Confirms 15 as optimum (5/10/12/15/20 sweep complete).
0054_matrix_lr_04_muon_15	canonical	2.12467781	2.1226	0.002078	14.812	3891.02	false	false	discard	MATRIX_LR=0.04 + MUON=15; Δ=-0.015 vs 0051. LR=0.045 stays optimal.
0055_parallel_resid_baseline	0051_muon_backend_steps_15	2.14780135	2.1447	0.003101	15.182	4126.39	false	false	discard	Parallel residuals (attn+mlp from same input) on 0051 winner; Δ=-0.038 (clear loss). Inter-block sequential dependency does real work at d=512/200steps.
0056_depth_recur_3x3	0051_muon_backend_steps_15	2.12272582	2.1217	0.001026	5.371	3637.99	false	false	parked	K=3 unique blocks looped L=3 (eff depth 9, no U-Net skip); Δ=-0.013 vs 0051 (sub-noise). Artifact 5.37 MB frees 10.6 MB cap. Quant_tax 0.001 low but pre/post Δ match (real). [transfer:med]
0057_swiglu_recur_3x3	0056_depth_recur_3x3	2.10275295	2.1004	0.002353	5.998	3721.11	false	false	keep	K=3 L=3 + SwiGLU(mlp=3): NEW BEST val 2.1028, Δ=+0.007 vs 0051 (judgment-call zone). SwiGLU gain compounds with recurrence. Artifact 6 MB — 10 MB cap headroom. SEED=42 confirm pending. [transfer:med]
0058_swiglu_recur_3x3_seed42	0057_swiglu_recur_3x3	2.10578946	2.1037	0.002089	5.998	3780.56	false	false	keep	SEED=42 confirms 0057. Cross-seed Δ 0.003 (typical baseline). Mean Δ vs 0051 = +0.0055 (just over noise floor, both seeds positive). 0057 promotable. [transfer:med]
0060_per_loop_scales	0057_swiglu_recur_3x3	2.10411537	2.1017	0.002415	6.044	3896.72	false	false	discard	Per-loop scalars (UT-style, K=3 L=3 each block has L=3 attn/mlp/resid_mix copies); Δ vs 0057 single-seed -0.001, vs 0057 mean +0.0002 — neutral. Loop specialization needs >200 steps. Informative null. [transfer:med]
0061_smear_gate_on_winner	0057_swiglu_recur_3x3	2.13022048	2.1284	0.00182	6.088	3944.91	false	false	discard	Smear-gate (per-channel sigmoid mix with prev-token, init -2.0) on 0057 stack; Δ=-0.027 vs 0057 (clear loss, real). Conflicts with attention's natural lookback at d=512 + recurrence. [transfer:low]
0059_swiglu_recur_3x3_mlp4	0057_swiglu_recur_3x3	2.09706106	2.0958	0.001261	7.277	4206.07	false	false	keep	K=3 L=3 + SwiGLU(mlp=4): NEW BEST val 2.0971, Δ=+0.0057 vs 0057 SEED=1337 (judgment-call) / +0.0072 vs 0057 mean (above noise). Wider MLP inside recurrence pays. Artifact 7.28 MB. SEED=42 pending. [transfer:high]
0062_swiglu_recur_3x3_mlp8	0057_swiglu_recur_3x3	2.08686717	2.0844	0.002467	12.242	5395.78	false	false	keep	K=3 L=3 + SwiGLU(mlp=8): NEW BEST val 2.0869, Δ=+0.0102 vs 0059 (direct-promote zone, +0.017 vs 0057 mean). Width curve mlp=3→4→8 monotonic. Artifact 12.24 MB. SEED=42 confirm needed within 5 exps. [transfer:high]
0063_swiglu_recur_3x3_mlp11	0062_swiglu_recur_3x3_mlp8	2.07993506	2.0773	0.002635	15.851	6368.15	false	false	keep	K=3 L=3 + SwiGLU(mlp=11): val 2.0799, Δ=+0.007 vs 0062 (judgment-call zone). Cap-edge artifact 15.85 MB. NOT PROMOTED — pending SEED=42 + SEED=42 of 0062 first. [transfer:high]
0001_regression_check_001	canonical	2.52115777	2.5157	0.005458	6.907	1189.87	false	false	sentinel	Worktree harness verified: drift +0.00004 vs 0001_baseline_repro 2.5212 anchor (well within ±0.005). 6.907 MB matches.
0002_s4d_lin_v1	canonical	2.23393578	2.2325	0.001436	10.046	2826.76	false	false	keep	S4D-Lin all-9-layers (LTI diag, FFT-conv, N=16, S4D-Lin init); val 2.234, beats naive 2.521 by 0.288. NOT promoted — SSM noise floor uncharacterized; sentinel pending. [transfer:high if confirmed]
0003_s4d_sentinel_seed42	0002_s4d_lin_v1	2.22747200	2.2259	0.001572	10.056	2711.97	false	false	sentinel	S4D-Lin noise floor seed 42 (1 of 3); Δ vs 0002 SEED=1337 = -0.00646
0004_s4d_sentinel_seed2024	0002_s4d_lin_v1	2.22749060	2.2265	0.000991	10.054	2656.91	false	false	sentinel	S4D-Lin noise floor seed 2024 (2 of 3); Δ vs 0003 SEED=42 = +0.00002 (suspiciously tight)
0005_s4d_sentinel_seed31337	0002_s4d_lin_v1	2.22878999	2.2270	0.00179	10.06	2665.56	false	false	sentinel	S4D-Lin noise floor seed 31337 (3 of 3); 4-seed σ=0.0031, mean=2.2294, advance 3σ=0.009
0006_s4d_recur3x3_swiglu_mlp8	0002_s4d_lin_v1	2.17141459	2.1687	0.002715	12.271	4442.83	false	false	keep	K=3 L=3 + SwiGLU(mlp=8) on S4D-Lin: NEW SSM-BEST val 2.171, Δ=-0.058 vs 0002 mean (~18σ, direct-promote zone but >+0.050 — SEED=42 confirm pending). Both transformer wins transfer to SSM. [transfer:high]
0007_hybrid_1attn_mid_8s4d	0002_s4d_lin_v1	2.22201475	2.2202	0.001815	10.074	2750.18	false	false	keep	1 attn at layer 4 + 8 S4D-Lin: val 2.222, Δ=+0.007 vs 0002 mean (judgment zone). Recall gap weak at our regime — refutes literal Zoology 82%. SEED=42 marginal-confirm before building. [transfer:med]
0008_recur3x3_swiglu_mlp8_seed42	0006_s4d_recur3x3_swiglu_mlp8	2.15473000	2.1527	0.00203	12.272	4441.31	false	false	keep	SEED=42 of 0006 confirms (and exceeds): val 2.155, vs 0006 1337 2.171 (cross-seed Δ 0.017, wider than pure-S4D σ=0.003). 0006/0008 mean 2.163. Depth-recur+SwiGLU+S4D family. [transfer:high]
0009_recur3x3_swiglu_with_attn	0006_s4d_recur3x3_swiglu_mlp8	2.09947891	2.0967	0.002779	12.219	4666.49	false	false	keep	K=3 L=3 (1 of 3 unique = attn, ratio 1:2 over 9-effective): val 2.099, Δ=-0.064 vs 0006/0008 mean. WITHIN 0.012 of transformer-best 2.087! Single seed — SEED=42 critical. [transfer:high if confirmed]
0011_recur3x3_swiglu_attn_seed42	0009_recur3x3_swiglu_with_attn	2.09663304	2.0943	0.002333	12.226	4663.79	false	false	keep	SEED=42 CONFIRMS 0009: val 2.097, vs 0009 SEED=1337 2.099 (cross-seed Δ 0.003 — tight!). Mean 2.098 ties transformer-best 2.087 within recur-family floor. [transfer:high]
0012_recur3x3_swiglu_2attn_1s4d	0009_recur3x3_swiglu_with_attn	2.08700147	2.0839	0.003101	12.276	4897.45	false	false	keep	2:1 ratio (2 of 3 unique blocks attn) on K=3 L=3 + SwiGLU mlp=8: val 2.08700 — TIES transformer-best 2.08687 to 4 decimals! Δ=-0.011 vs 0009/0011 mean (judgment-zone). SEED=42 confirm needed. [transfer:high if confirmed]
0014_recur3x3_swiglu_2attn_seed42	0012_recur3x3_swiglu_2attn_1s4d	2.08891431	2.0867	0.002214	12.271	4899.40	false	false	keep	SEED=42 confirms 0012: val 2.0889, vs 0012 SEED=1337 2.0870 (Δ 0.002, tight). Mean 2.0880 vs transformer-best 2.0869 = +0.0011 → STATISTICALLY TIED. [transfer:high]
0013_recur3x3_swiglu_attn_n32	0009_recur3x3_swiglu_with_attn	2.09671487	2.0932	0.003515	12.457	5252.90	false	false	discard	D_STATE=32 (vs 16) on 0009 base (1:2 ratio); val 2.0967 vs 0009/0011 mean 2.0981 = Δ -0.001 (noise). Larger SSM state not a meaningful axis at our regime. [transfer:none]
0016_recur3x3_swiglu_2attn_pos12	0012_recur3x3_swiglu_2attn_1s4d	2.09762212	2.0955	0.002122	12.219	4894.06	false	false	keep	2:1 ratio with positions 1,2 (cluster) vs 0012's 0,2 (sandwich): val 2.0976 = Δ +0.0097 vs 0012/0014 mean (advance-threshold-edge). Position MATTERS — interleaving beats clustering. [transfer:high]
0017_recur3x3_swiglu_2attn_pos12_seed42	0016_recur3x3_swiglu_2attn_pos12	2.09201264	2.0900	0.002013	12.22	4895.05	false	false	keep	SEED=42 of 0016 confirms position effect: val 2.0920, cross-seed Δ 0.006. Mean 0016/0017 = 2.0948 (cluster) vs 0012/0014 mean 2.0880 (sandwich). Δ +0.007 — judgment-zone, real but small. [transfer:high]
0018_recur3x3_swiglu_2attn_bigramhash	0012_recur3x3_swiglu_2attn_1s4d	2.08313304	2.0807	0.002433	12.266	4900.73	false	false	keep	BigramHash(4096,64) bolt-on 2:1 hybrid: val 2.0831 — BEATS transformer-best 2.0869 by 0.0037 (single seed). Δ -0.005 vs 0012/0014 mean (judgment). [transfer:high if confirmed]
0019_recur3x3_swiglu_2attn_bigramhash_seed42	0018_recur3x3_swiglu_2attn_bigramhash	2.08147363	2.0801	0.001374	12.274	4898.26	false	false	keep	SEED=42 of 0018 CONFIRMS BigramHash win: val 2.0815, vs 0018 SEED=1337 2.0831 (Δ 0.0017, tight). Mean 2.0823 BEATS transformer-best 2.0869 by 0.0046 BPB. [transfer:high]
0020_recur3x3_swiglu_2attn_bigramhash_seed2024	0018_recur3x3_swiglu_2attn_bigramhash	2.08152116	2.0806	0.000921	12.263	4910.37	false	false	keep	3rd seed BigramHash sentinel: val 2.0815 (essentially identical to 0019). 3-seed mean 2.08204, σ ≈ 0.001 (very tight). Vs transformer-best 2.0869 = -0.00483 (~5σ). Promote-ready. [transfer:high]
0021_recur3x3_swiglu_2attn_bigramhash_v8192	0018_recur3x3_swiglu_2attn_bigramhash	2.08646213	2.0851	0.001362	12.271	4907.08	false	false	discard	BIGRAM_VOCAB=8192 (vs 4096 in 0018): val 2.0865, Δ=+0.004 vs 0018-family mean 2.082 — HURTS. Doubling buckets dilutes per-bucket signal at 200 steps. 4096 is at/above optimum.
0022_recur3x3_swiglu_2attn_bigramhash_d128	0018_recur3x3_swiglu_2attn_bigramhash	2.08768297	2.0860	0.001683	12.285	4907.90	false	false	discard	BIGRAM_DIM=128 (vs 64 in 0018): val 2.0877, Δ=+0.006 vs 0018-family mean — HURTS. Like VOCAB=8192 (0021), more capacity dilutes per-bucket signal at 200 steps. (4096,64) is the joint optimum.
0023_regression_check_002	canonical	2.51977828	2.5162	0.003578	6.905	1133.84	false	false	sentinel	Final session sentinel: val 2.5198 vs anchor 2.5212 = Δ -0.0014 (within ±0.005). Harness verified bit-stable across 22 SSM experiments + .venv-symlink + run_experiment.sh edit. Session results stand.
0024_recur3x3_swiglu_2attn_bigramhash_seed31337	0018_recur3x3_swiglu_2attn_bigramhash	2.08945514	2.0870	0.002455	12.263	5098.73	false	false	keep	4th seed (SEED=31337) of BigramHash family: val 2.0895 — OUTSIDE predicted [2.078, 2.087]. 4-seed mean 2.0839, σ=0.0038 (was 0.001 at 3 seeds). Δ vs transformer-best 2.0869 = -0.0030, ~1.6σ at 4-seed-mean precision. Headline still real but σ-multiple weakened. [transfer:high]
0025_hymba_strict_parallel	0018_recur3x3_swiglu_2attn_bigramhash	2.09128496	2.0900	0.001285	13.703	7098.61	false	false	keep	Hymba-strict parallel topology (K=3 unique, every block runs ATTN+S4D in parallel, looped ×3): val 2.0913 vs 0024 BigramHash 4-seed mean 2.0839 = Δ +0.0074 (~2σ at family floor σ=0.0038, single-seed precision). 39% slower step time (7.1 vs 5.1s). Sandwich beats parallel at our regime. SEED=42 confirm pending. [transfer:med]
0026_hymba_strict_parallel_seed42	0025_hymba_strict_parallel	2.08917311	2.0882	0.000973	13.703	7044.37	false	false	keep	SEED=42 of 0025 (Hymba-strict parallel): val 2.0892, cross-seed Δ vs 0025 = 0.0021 (tight). 2-seed mean 2.0902 vs 0024 BigramHash 4-seed mean 2.0839 = Δ +0.0064 (~1.9σ). Hymba-strict topology weakly loses to sandwich AND is 39% slower step time. Topology axis closed: sandwich wins. [transfer:med]
0027_hymba_middle_parallel	0025_hymba_strict_parallel	2.07786199	2.0737	0.004162	12.747	5916.64	false	false	keep	Middle-parallel topology (A-PARALLEL-A: attn+s4d in parallel at position 1, attn at 0,2) single-seed val 2.0779 — BEATS 0024 BigramHash 4-seed mean 2.0839 by 0.0060 (~1.6σ at family floor). On the disconfirming threshold (val < 2.078). NEW BEST candidate. SEED=42 confirm critical. Quant tax 0.004 (slightly elevated). Step time 5.92s. Artifact 12.75 MB. [transfer:high if confirmed]
0028_mamba1_selective_smoke	0018_recur3x3_swiglu_2attn_bigramhash	null	null	null	null	null	true	false	discard	Mamba-1 selective-scan too slow on MPS without CUDA kernels: 7+ min without step 1 (vs ~5s for S4D-Lin). Killed. Sequential for-loop over L=1024 with per-iter MPS kernel launches dominates. Numerical correctness verified (oracle match in scratch_verify.py). Family characterization: pure-PyTorch Mamba-1 is INFEASIBLE on MPS; needs Triton/CUDA kernel OR chunkwise reformulation (Mamba-2/SSD).
0031_hyena_smoke	0018_recur3x3_swiglu_2attn_bigramhash	2.23908566	2.2382	0.000886	12.815	4751.34	false	false	keep	Hyena (learnable kernel via 2-layer MLP of position) at position 1 of sandwich: val 2.2391 vs 0018 4-seed mean 2.0839 = Δ +0.155 (substantial loss). Step time 4.75s (faster compute, worse training). Family characterization: at 200-step regime, structured S4D-Lin init beats random-init MLP-of-position kernel by ~0.15 BPB. [transfer:low]
0032_mamba2_ssd_smoke	0018_recur3x3_swiglu_2attn_bigramhash	2.05903992	2.0570	0.00204	12.759	5588.79	false	false	keep	Mamba-2/SSD chunkwise selective at position 1 of sandwich: val 2.0590 — NEW SSM-BEST. Δ vs 0024 4-seed mean 2.0839 = -0.0249 (~6.5σ at single-seed precision, family floor σ=0.0038). Δ vs transformer-best 2.0869 = -0.0279. Step time 5.59s. Artifact 12.76 MB. Numerical oracle verified (1.9e-6 vs sequential ref). SEED=42 confirm next. [transfer:high]
0034_mamba2_ssd_seed42	0032_mamba2_ssd_smoke	2.06127400	2.0578	0.003474	12.766	5562.22	false	false	keep	SEED=42 of 0032 Mamba-2/SSD: val 2.0613, cross-seed Δ vs 0032 = 0.0022 (tight). 2-seed mean 2.0602. Δ vs 0024 4-seed BigramHash mean 2.0839 = -0.0237 (~7.2σ at joint precision). PROMOTED. [transfer:high]
0035_mamba2_2of3	0032_mamba2_ssd_smoke	2.03994138	2.0375	0.002441	13.272	5649.29	false	false	keep	Mamba-2 at 2 of 3 unique blocks (positions 0,1; ATTN at 2): val 2.0399 single-seed — NEW SSM-BEST. Δ vs 0032/0034 mean (2.0602) = -0.0203 (~5.3σ at family floor). Δ vs transformer-best 2.0869 = -0.047. Compound win: each added Mamba-2 position adds ~0.02 BPB. Step time 5.65s (negligible cost). SEED=42 confirm next. [transfer:high]
0036_mamba2_2of3_seed42	0035_mamba2_2of3	2.04348642	2.0411	0.002386	13.291	5742.95	false	false	keep	SEED=42 of 0035 (Mamba-2 at 2 of 3 positions): val 2.0435, cross-seed Δ vs 0035 = 0.0036 (tight). 2-seed mean 2.0417. Δ vs 0032/0034 prior promote (2.0602) = -0.0185 (~5.3σ). PROMOTED, supersedes 0032/0034 winner. [transfer:high]
0038_mamba2_kill_selectivity	0035_mamba2_2of3	2.02590099	2.0240	0.001901	13.252	5828.54	false	false	keep	Selectivity-killed Mamba-2 (LTI dt/B/C → learned constants, +128 params): val 2.0259 single-seed — NEW SSM-BEST. Δ vs 0035 (full Mamba-2 2-of-3, val 2.0399) = -0.014 (HEADLINE PIVOT: killing selectivity HELPS at 200-step regime). FFT-conv duality verified pre-launch. Mechanism story flips: win is from Mamba-2 BLOCK structure (conv1d+gating+SSD-chunkwise), NOT selectivity. SEED=42 confirm next. [transfer:medium — selectivity may help at H100 20k-step where extra params get trained]
0039_kill_selectivity_seed42	0038_mamba2_kill_selectivity	2.02856678	2.0267	0.001867	13.263	5814.11	false	false	keep	SEED=42 confirm of 0038 LTI-Mamba-2 kill-selectivity: val 2.0286, cross-seed Δ vs 0038 = +0.0027 (tight). 2-seed mean 2.02723. Δ vs full Mamba-2 (0035/0036 mean 2.04171) = -0.01448 BPB ROBUST AT 2-SEED. Kill-wins finding confirmed; mechanism story (Mamba-2 BLOCK structure, not selectivity) verified across seeds. PROMOTED supersedes 0035/0036. [transfer:medium]
0040_lti_mamba2_3of3	0038_mamba2_kill_selectivity	2.05553694	2.0526	0.002937	13.786	5892.15	false	false	keep	LTI Mamba-2 at 3-of-3 (no attention): val 2.0555 — Δ vs 0038 (2-of-3+1attn) 2.0259 = +0.030 (HURTS). Removing the last attention block costs ~0.030 BPB; LTI-Mamba-2's per-head κ-scalar memory cannot fully replace attention's recall. Mirror of S4D-Lin no-attn pattern (gap +0.061) but smaller magnitude — LTI Mamba-2 has more recall capacity than LTI S4D-Lin. Plan's "partial-recall-loss" outcome (20% predicted) hit. Confirms attention is still load-bearing for recall in this hybrid. [transfer:medium]
0041_protect_in_proj_dyn	0038_mamba2_kill_selectivity	2.14579864	2.1427	0.003099	15.217	5613.97	false	false	discard	Full-selectivity Mamba-2 with in_proj split into bf16-zx + fp32-protected-dyn: val 2.1458 (pre-quant 2.1427) — REGRESSION of +0.106 vs 0035 full Mamba-2 baseline. The split itself breaks training (not just quant): pre-quant 2.14 vs 0035 pre-quant 2.04. Likely Muon NS scaling on the wide-thin (144, 512) dyn slab. ALSO: the original quant-noise hypothesis was confused — CONTROL_TENSOR_NAME_PATTERNS only affects post-train serialization, training is bf16 regardless. So kill-wins story (0038/0039) is NOT a quant-protection artifact — it's genuine architectural. [transfer:n/a]
0042_kill_no_bigram	0038_mamba2_kill_selectivity	2.02246637	2.0213	0.001166	13.25	5879.40	false	false	keep	Kill Mamba-2 + NO BigramHash: val 2.0225 (single-seed) — Δ vs 0038 (kill+BG) 2.0259 = -0.0034 (within-noise but DIRECTION SURPRISING — BG slightly HURT kill Mamba-2 vs helping by ~0.011 in S4D-Lin family). Possibly BG's recall mechanism is redundant or marginally negative for the LTI Mamba-2 block specifically. Awaiting 0043 (full+no-BG) to complete the BG-interaction matrix. NEW SSM-BEST single-seed (was 0038 at 2.0259). [transfer:medium]
0043_full_no_bigram	0035_mamba2_2of3	2.03439543	2.0314	0.002995	13.289	5989.06	false	false	keep	Full Mamba-2 (selective) + NO BigramHash: val 2.0344 — Δ vs 0035/0036 mean (full+BG) 2.0417 = -0.0073 (BG slightly hurts full Mamba-2 too). Combined with 0042: BG slightly HURTS Mamba-2 family in BOTH kill and full. Kill-vs-Full gap (no-BG): 2.0344-2.0225=+0.0119 (kill still wins by 0.012). Kill-wins gap is ROBUST to removing BG. BigramHash is NOT making selectivity redundant — kill-wins is genuinely architectural orthogonal to BG. New mechanism finding: Mamba-2 has its OWN recall mechanism (conv1d? gating? channel count?) that subsumes BG. [transfer:medium]
0044_lti_d_state_16	0042_kill_no_bigram	2.02784902	2.0270	0.000849	13.218	5374.74	false	false	keep	LTI Mamba-2 + no-BG + d_state=16 (was 64): val 2.0278, Δ vs 0042 (d_state=64) 2.0225 = +0.0053 (slightly WORSE val despite much lower train_loss — overfit signal). End-of-train: 0044 train 2.94 vs 0042 train 3.36 (much faster convergence) but val similar. Train trajectory oscillates more (3.27 ↔ 3.73 jumps). The κ-scalar collapse derivation is PARTIAL — d_state>1 has some genuine value beyond the closed-form, likely from per-channel A_log providing multiple decay rates within d_inner. Step time 5.37 s/step (vs 5.88 at d_state=64, ~9% faster). Cap impact: artifact 13.22 MB (vs 13.25), -30 KB. [transfer:medium]
0045_kill_no_bigram_seed42	0042_kill_no_bigram	2.02138982	2.0199	0.00149	13.262	5904.42	false	false	keep	SEED=42 confirm of 0042 (kill+no-BG): val 2.0214, cross-seed Δ vs 0042 = -0.0011 (tight). 2-seed mean 2.02193 — NEW SSM-BEST. Δ vs 0038/0039 (kill+BG) 2-seed mean 2.02723 = -0.0053 (just at promote threshold; family σ_pair 0.0011 makes Δ ~5σ — real signal). PROMOTED supersedes 0038/0039. Strengthens BG-hurts-Mamba-2 finding to 2-seed evidence. [transfer:medium]
0046_kill_mamba2_middle_parallel	0042_kill_no_bigram	2.01250732	2.0103	0.002207	14.219	6937.72	false	false	keep	Cross-class hybrid (kill-Mamba-2 at 0,2 + PARALLEL ATTN||kill-Mamba-2 at 1, no-BG): val 2.0125 single-seed — NEW SSM-BEST. Δ vs 0042/0045 mean 2.02193 = -0.0094. At family σ_pair 0.0011 that's ~9σ; advance threshold met at single-seed. Combines 0027's middle-parallel surprise with 0038's kill-Mamba-2 finding — the compound is real. Step time 6.94 s/step (slower than 0042's 5.88 due to attn at parallel position). Artifact 14.22 MB (was 13.25). SEED=42 confirm next; direct-promote justified by margin. [transfer:high]
0050_middle_parallel_seed42	0046_kill_mamba2_middle_parallel	2.00811915	2.0057	0.002419	14.233	6621.69	false	false	keep	SEED=42 confirm of 0046 cross-class hybrid: val 2.0081 (BETTER than 0046's 2.0125). 2-seed mean 2.01031, cross-seed Δ 0.0044. Δ vs prior promote 0042/0045 mean (2.02193) = -0.01162 (~5σ at 2-seed precision). Δ vs transformer-best 2.0869 = -0.077 BPB. PROMOTED supersedes 0042/0045. Cross-class middle-parallel hybrid is the strongest finding of the session. [transfer:high]
0051_triple_parallel	0046_kill_mamba2_middle_parallel	2.00170354	1.9993	0.002404	15.182	8172.00	false	false	keep	Triple-parallel topology: ALL 3 unique blocks PARALLEL ATTN || kill-Mamba-2 (no-BG): val 2.0017 single-seed — NEW SSM-BEST. Δ vs 0046/0050 mean (2.01031) = -0.0086. Δ vs transformer-best 2.0869 = -0.085 BPB. Refutes 0025 Hymba-strict failure (which used full-Mamba-2 + BG); kill+no-BG combination changes the parallel-everywhere-fails pattern. Step time 8.17 s/step. Artifact 15.18 MB (cap-tight). SEED=42 confirm critical given 0046/0050 σ_pair=0.0044. [transfer:high]
0053_triple_parallel_seed42	0051_triple_parallel	2.00749568	2.0049	0.002596	15.201	8157.49	false	false	keep	SEED=42 confirm of 0051 triple-parallel: val 2.0075 (worse than 0051's 2.0017; cross-seed Δ +0.0058). 2-seed mean 2.00460. Δ vs 0046/0050 (middle-parallel) mean 2.01031 = -0.00571 (judgment threshold). PROMOTED supersedes 0046/0050. Δ vs transformer-best 2.0869 = -0.082 BPB at 2-seed precision. Note: triple-parallel cross-seed σ_pair=0.0029 (wider than middle-parallel's 0.0022). [transfer:high]
0052_parallel_full_selective	0046_kill_mamba2_middle_parallel	2.03607009	2.0345	0.00157	14.252	6570.94	false	false	discard	Full-selectivity Mamba-2 in 0046's cross-class topology (turn off MAMBA2_KILL_SELECTIVITY): val 2.0361 — REGRESSION of +0.024 vs 0046's 2.0125. Selectivity HURTS even in cross-class hybrid topology, generalizing the kill-wins finding from sequential placement (0035→0038 -0.014) to parallel topology (here 0046→0052 +0.024 worse with selectivity). My walk hypothesis "selectivity helps in parallel" REFUTED. Kill-wins is robust across topologies. [transfer:medium]
0054_outer_parallel	0046_kill_mamba2_middle_parallel	2.00340600	2.0000	0.003406	14.699	7373.12	false	false	keep	Outer-parallel placement (positions 0,2 PARALLEL; pos 1 plain kill-Mamba-2): val 2.0034 single-seed. Sits between 0046 (middle-only, 2.0125) and 0051 (all, 2.0017). Confirms pattern: more parallel positions = better, saturating ~2-3 of 3. 2-parallel ≈ 3-parallel (both ~2.003-2.004). Doesn't beat 0051's 2-seed mean (2.00460); not promoted. [transfer:medium]
0048_k4_cap_redistribute	0042_kill_no_bigram	2.01460699	2.0135	0.001107	17.739	7476.38	false	true	discard	K=4 L=3 (12 effective layers) on 0042 base: val 2.0146 BUT artifact 17.74 MB exceeds 16 MB cap (size_violation flag should be set; predicted artifact mis-estimated by ~3 MB because each K=N unique block includes its own MLP, not just SSM/attn). Even with the cap-bust, val 2.0146 is better than 0042 (-0.007) but WORSE than current 2-seed best 0051/0053 (2.0046). K=4 path shelved due to cap. [transfer:n/a]
0047_kill_no_conv1d	0042_kill_no_bigram	2.11320900	2.1119	0.001309	13.177	5435.44	false	false	keep	No-conv1d ablation on 0042 base: val 2.1132 — REGRESSION of +0.091 BPB vs 0042 (2.0225). MAJOR MECHANISM FINDING: conv1d IS the load-bearing recall mechanism in Mamba-2 block. Removing it puts kill-Mamba-2 close to S4D-Lin no-attn floor (~2.16). Explains: (1) why kill+no-BG works (conv1d does recall, BG is redundant); (2) why BG slightly hurts Mamba-2 family (small adverse interaction with conv1d-recall); (3) why Mamba-2 BLOCK > S4D-Lin BLOCK (S4D-Lin has no conv1d). Step time ~9% faster (5.43s/step vs 0042's 5.88s). [transfer:high — mechanism finding]
0055_d_state_128_middle_parallel	0046_kill_mamba2_middle_parallel	2.01382275	2.0114	0.002423	14.351	7410.95	false	false	discard	d_state=128 on 0046 cross-class hybrid base: val 2.0138, Δ vs 0046 (d_state=64) 2.0125 = +0.0013 (noise). d_state>1 effect saturates in parallel topology too — consistent with κ-scalar collapse derivation. d_state=64 is the right default. [transfer:medium]
0056_triple_parallel_seed2024	0051_triple_parallel	2.00321874	2.0009	0.002319	15.191	8169.24	false	false	keep	SEED=2024 of 0051 triple-parallel: val 2.0032. 3-seed family (1337/42/2024 = 2.0017/2.0075/2.0032). 3-seed mean 2.00414 sample σ 0.0030. Δ vs 0046/0050 middle-parallel mean 2.01031 = -0.00617 BPB (~3.6σ at 3-seed precision). 4th seed launching as 0057 (SEED=31337) for full sentinel. [transfer:high]
0057_triple_parallel_seed31337	0051_triple_parallel	2.00770076	2.0044	0.003301	15.188	8159.19	false	false	keep	SEED=31337 of 0051 triple-parallel: val 2.0077. 4-seed family complete (1337/42/2024/31337 = 2.0017/2.0075/2.0032/2.0077). 4-seed mean 2.00503, sample σ 0.0030, σ_mean 0.0015. Δ vs 0046/0050 (middle-parallel) mean 2.01031 = -0.00528 BPB (~3.5σ at 4-seed precision). Family σ stable at 0.003 across n=2,3,4 (no 0024-style widening). Triple-parallel kill-Mamba-2+no-BG architecture is REAL and VERIFIED at 4-seed sentinel. [transfer:high]
0058_pure_attn_3of3_baseline	0042_kill_no_bigram	2.08745250	2.0851	0.002352	12.261	5152.53	false	false	keep	Pure-ATTN 3-of-3 (no SSM, no BG) on recur+SwiGLU+mlp=8: val 2.0875 single-seed. Almost identical to prior transformer-best with BG (2.0869). Δ vs 0051 family 4-seed mean (2.00503) = +0.082 BPB. CLEAN BASELINE: SSM family contribution at our regime is exactly **-0.082 BPB** when SSM blocks are added with the right topology (triple-parallel kill-Mamba-2 + no-BG). This is the 0058-vs-0051 gap that anchors the writeup decomposition. Step time 5.15 s/step. Artifact 12.26 MB (smallest of the session — pure attn is small). [transfer:high — clean baseline]
0059_pure_attn_baseline_seed42	0058_pure_attn_3of3_baseline	2.08772472	2.0860	0.001725	12.253	5163.01	false	false	keep	SEED=42 of 0058 pure-attn 2-of-3 baseline: val 2.0877. 2-seed mean 2.08759 (very tight, cross-seed Δ 0.0002). Final writeup baseline anchor. Δ vs 0051 family 4-seed mean (2.00503) = -0.0826 BPB ~55σ at joint precision. SSM family contribution definitively quantified. [transfer:high]
0060_middle_parallel_seed2024	0046_kill_mamba2_middle_parallel	2.00792132	2.0067	0.001221	14.232	6575.48	false	false	keep	SEED=2024 of 0046 middle-parallel: val 2.0079 (BETTER than 0050 SEED=42 2.0081 and 0046 SEED=1337 2.0125). 3-seed family mean 2.00950 (sample σ 0.0027). Δ vs 0051 triple-parallel 4-seed mean (2.00503) = -0.00447. Triple-parallel still wins but margin smaller than initial 2-seed estimate suggested. Honest σ update. [transfer:high]
0061_outer_parallel_seed42	0054_outer_parallel	2.01336141	2.0108	0.002561	14.705	7375.70	false	false	keep	SEED=42 of 0054 outer-parallel topology: val 2.0134. 2-seed mean 2.00838 (cross-seed Δ 0.0100, wide). 0054 was a lucky single-seed; outer-parallel 2-seed worse than triple-parallel 4-seed mean (2.00503) by +0.0033. Outside-eyes catch RESOLVED: triple-parallel still the best topology at multi-seed precision. Outer-parallel cross-seed σ wider than other families (0.0100 vs 0.0027-0.0058) — this topology is more seed-sensitive. [transfer:high — outside-eyes resolution]
0062_no_conv1d_with_bg	0047_kill_no_conv1d	2.12246098	2.1207	0.001761	13.168	5438.14	false	false	discard	No-conv1d + BG re-enabled: val 2.1225, Δ vs 0047 (no-conv1d, no-BG = 2.1132) = +0.009 (BG SLIGHTLY HURTS even here). REFUTES the simple "conv1d = BG's job" hypothesis from outside-eyes. Conv1d's role is more specific than "recall" — BG can't substitute. Honest story refinement: conv1d provides a particular local-pattern computation distinct from BG's bigram recall. [transfer:medium — mechanism refinement]
0063_middle_parallel_s4d	0046_kill_mamba2_middle_parallel	2.03308321	2.0291	0.003983	13.75	6314.82	false	false	keep	Parallel-block S4D-Lin (instead of kill-Mamba-2) at middle: val 2.0331. Δ vs 0046 (parallel-kill-Mamba-2) 2.0125 = +0.021. Outside-eyes "diversity-vs-specific-pairing" test: SPECIFIC PAIRING wins. Cross-class hybrid needs kill-Mamba-2 (with conv1d), not any SSM partner. Ties topology finding back to conv1d-as-recall (0047): even in parallel placement, conv1d is essential. [transfer:medium — mechanism refinement]
0064_brotli_swap	0051_triple_parallel	2.00295828	1.9995	0.003458	13.444	8637.32	false	false	keep	Brotli q=11 swap of zlib for int8 artifact: val 2.0030 (within seed-noise vs 0051 single-seed 2.0017). Artifact 13.44 MB vs parent 15.18 MB — FREED 1.74 MB cap. Brotli-vs-zlib ratio 0.8848. Cap-unlock for downstream T1 ports. [transfer:high]
0066_parallel_residual	0051_triple_parallel	2.00342606	2.0014	0.002026	15.195	8583.54	false	false	discard	Parallel-residual lanes from layer 4 (4 routing scalars per Block, shared across loop iters): val 2.0034 vs parent 0051 single-seed 2.0017 = Δ +0.0017 (NEUTRAL within MPS noise). H100 record gain (-0.0022) did not transfer to MPS 200-step in our looped triple-parallel topology. Possibly the routing params need more training to differentiate, or the looped-share constraint loses the per-layer flexibility that made the H100 gain. Identity verified at init (max_diff 2.4e-7); training was healthy.
0065_asym_pos0_pure_mamba	0051_triple_parallel	2.00408924	2.0013	0.002789	14.696	7419.87	false	false	keep	Asymmetric: position 0 demoted from parallel to pure kill-Mamba-2 (no attn lane). val 2.0041 vs 0051 single-seed 2.0017 = Δ +0.0024 NEUTRAL. Artifact 14.70 MB vs 0051 15.18 = freed 0.48 MB cap. Step time 7.42s vs 0051 8.17s. DISABLE_LAYER0_ATTN-like at MPS regime: NEUTRAL, but cap-saving is real. Useful for cap-stacking with side-memory. [transfer:medium]
0068_fourgram_pruned_side_memory	0067_trigram_side_memory	1.96184076	2.0005	-0.038659	15.136	8227.09	false	false	keep	K=4 4-gram side-memory (top_N=200K, top_K=2, alpha=0.80) packed in artifact + blend at inference: val 1.9618 vs 0064 (parent, no side-mem) 2.0030 = Δ -0.041 (matches offline analysis EXACTLY). vs 0051 4-seed mean 2.005 = Δ -0.043. NEW SSM-BEST. Artifact 15.14 MB (within cap, 850 KB safety). NOTE: quant_tax = -0.039 is misleading — pre-quant eval is model-only, post-quant uses the side-memory blend (semantic mismatch in the metric). SEED=42 confirm next. [transfer:medium — gain regime-specific to under-trained 200-step model]
0069_combined_k3_k4_side_memory	0068_fourgram_pruned_side_memory	1.95725717	1.9985	-0.041243	15.697	8193.97	false	false	keep	Combined K=3 (top_N=100K) + K=4 (top_N=200K) side memory, 3-way blend (model 0.7, K=3 0.10, K=4 0.20): val 1.9573. Δ vs 0064 parent 2.0030 = -0.046. Δ vs 0068 (K=4 alone 1.9618) = -0.0046 (combined adds info beyond K=4). Δ vs 0051 4-seed mean 2.005 = -0.048 BPB. NEW SSM-BEST single-seed. Artifact 15.70 MB (303 KB safety under 16 MB cap). Same training step time as 0068. SEED=42 confirm next as 0072. Note: production 1.957 vs offline-predicted 1.950 — Δ +0.007 from production-vs-offline-cached-model probs noise. [transfer:medium]
0072_combined_seed42	0069_combined_k3_k4_side_memory	1.96254820	2.0053	-0.042752	15.717	8178.43	false	false	keep	SEED=42 confirm of 0069 combined K=3+K=4 side memory: val 1.9625, cross-seed Δ +0.0053 vs 0069 (1.9573). 2-seed mean 1.9599, σ_pair 0.0053. Δ vs 0051 4-seed mean (2.005) = -0.045 BPB. PROMOTED supersedes 0051 family. Headline thread-2 contribution. [transfer:medium — gain regime-specific to under-trained 200-step model]
0071_fourgram_train_with_blend	0068_fourgram_pruned_side_memory	null	null	null	null	null	true	false	crash	Train-time blend at TRIGRAM_TRAIN_TIME=1: MPS bounds-error in trigram_blend_loss at production batch shape B=3 L=1024. Smoke used B=4 L=256 and missed the bug. Skipping rather than spend hours debugging during the limited window.
0073_hidden_state_keyed_memory	0069_combined_k3_k4_side_memory	1.95994402	2.0033	-0.043356	15.767	8177.05	false	false	discard	Hidden-state-keyed memory (32 buckets, 5-bit hash, learnable value bank, init zero) added on top of 0069 combined K=3+K=4 side memory: val 1.9599 vs 0069 1.9573 = Δ +0.003 (essentially neutral, slightly worse). Hypothesis (B) confirmed: 200-step training is too short for the value bank to converge. Smoke OK and bucket diversity OK; mechanism just needs more training time. Future work: revisit at H100 20k-step. [transfer:low — short-training-specific failure]
0074_per_context_alpha_blend	0069_combined_k3_k4_side_memory	1.95209516	1.9992	-0.047105	15.872	8236.05	false	false	keep	Per-context α blend (α derived from per-context trigram entropy via sigmoid τ=0.5 thresh=3.0 clip [0.30, 0.85]): val 1.9521 vs 0069 single 1.9573 = Δ -0.0052. vs 0069 2-seed mean 1.9599 = Δ -0.008. NEW SSM-BEST single seed. Artifact 15.87 MB (130 KB safety). Tighter clip range than subagent default unlocks +0.003 BPB beyond defaults. SEED=42 confirm next as 0075. [transfer:medium]
0075_per_ctx_alpha_seed42	0074_per_context_alpha_blend	1.96207275	2.0051	-0.043027	15.725	8204.58	false	false	keep	SEED=42 of 0074 per-context α blend: val 1.9621. Cross-seed Δ +0.010 vs 0074 (1.9521). 2-seed mean 1.9571 vs 0069 family 2-seed mean 1.9599 = Δ -0.003 only (below +0.005 promote threshold; per-context α gain DID NOT FULLY HOLD at SEED=42 — int8 α quantization noise + cross-seed model variance erodes the predicted -0.008 to -0.003). Family σ_pair 0.0100 (wider than 0069 family 0.0053). 0074 family stays as informative variant; not promoted. [transfer:medium-low]
0076_confidence_gated_blend	0074_per_context_alpha_blend	1.94834354	1.9996	-0.051256	15.913	8172.31	false	false	keep	Confidence-gated per-context α blend (gate threshold -1.0; skip blend when model max log2p > threshold ≈ confident tokens, blend otherwise): val 1.9483 vs 0074 1.9521 = Δ -0.0038 (gate adds -0.004 BPB on top of per-ctx α as predicted offline). vs 0069 single 1.9573 = Δ -0.009. vs 0069 2-seed mean 1.9599 = Δ -0.012 (above promote threshold). NEW SSM-BEST single seed. Artifact 15.91 MB (88 KB safety). SEED=42 confirm next as 0077. [transfer:medium]
0077_gated_blend_seed42	0076_confidence_gated_blend	1.95447852	2.0077	-0.053221	15.92	8170.75	false	false	keep	SEED=42 confirm of 0076 confidence-gated per-context α blend: val 1.9545. Cross-seed Δ +0.0061 vs 0076 (1.9483). 2-seed mean 1.9514 vs 0069 family 2-seed mean 1.9599 = Δ -0.0085 (above promote threshold). Family σ_pair 0.0061 (slightly tighter than 0074 family 0.010). PROMOTED supersedes 0069 family. Headline thread-2 contribution. [transfer:medium]
0078_ema_on_gated_blend	0076_confidence_gated_blend	5.87242846	1.9979	3.874528	11.781	8837.05	false	false	discard	EMA at β=0.999 with only 200 training steps: shadow weights are 80% initial random + 20% trained (effective window 1/(1-β)=1000 >> 200 steps). val 5.87 (catastrophic). β=0.999 is wrong for short training; rerun with β=0.9 or 0.95 (window 10-20 steps). Re-launching as 0079.
0079_ema_beta_short	0078_ema_on_gated_blend	1.95326803	2.0020	-0.048732	15.834	8973.09	false	false	discard	EMA β=0.95 (window ~20 steps) on top of 0076: val 1.9533. vs 0076 single 1.9483 = +0.005. vs 0076 2-seed mean 1.9514 = +0.002 (neutral). EMA does not stack with the side-memory blend at this regime — likely because the static side memory already absorbs the smoothing benefit (rote N-gram lookup is a kind of high-coverage prior). Single-seed sufficient for this thread-1 port (per session-feedback discipline). [transfer:low — neutral here, may transfer to longer training]
0080_dense_attn_hsm	0076_confidence_gated_blend	1.95042284	2.0020	-0.051577	15.972	8876.17	false	false	discard	Dense-attention HSM (16 learnable keys × d_model with softmax attention readout, init values=0): val 1.9504. vs 0076 single 1.9483 = +0.002 (NEUTRAL within MPS noise). vs 0076 2-seed mean 1.9514 = -0.001 (neutral). UU#4-motivated bold-axis pivot from outside-eyes critique. Same conclusion as 0073 hash-HSM: 200-step training is insufficient for the value vectors to learn meaningfully on top of an already-strong static side memory. Cleaner gradient flow than 0073 (every key gets gradient via softmax mixing), but the bottleneck is training duration not gradient sparsity. Single-seed sufficient (per seed-discipline feedback). Future: revisit at H100 20k-step. [transfer:low]
0081_ar_gptq_int6	0076_confidence_gated_blend	1.94709857	1.9986	-0.051501	21.331	8732.41	false	true	discard	First run hid the AR self-gen bug behind a try/except fallback to train-stream cal — result is a TRAIN-STREAM-cal GPTQ int6, not AR self-gen. Artifact 21.33 MB cap-busts: int6-packed bytes (4 vals/3 bytes) are near-incompressible by brotli (saves 5% vs int8's 30%) so swap LOSES ~5.3 MB despite the 25% raw saving. AR self-gen path itself broken for Mamba2 (chunked scan needs seq_len%64==0). Fixed both (front-pad ctx, removed fallback). Relaunching as 0081b. [transfer:n/a]
0082_ar_gptq_int6_b	0081_ar_gptq_int6	1.94545509	1.9978	-0.052345	21.324	8512.23	false	true	discard	Rerun of 0081 with AR self-gen path FIXED (front-pad ctx to multiple of CHUNK_ALIGN=64) and silent fallback REMOVED. AR self-gen ran cleanly: 512 tokens generated in 31.3s. val_bpb 1.9455 (Δ -0.002 vs 0081 train-stream cal 1.9471 — within noise σ_pair=0.006). Artifact 21.32 MB — same cap-bust as 0081, confirming the int6+brotli incompressibility (~5% brotli savings on int6-packed vs ~30% on int8) is independent of calibration source. AR int6 closed: cap-busts in our family regardless of how cal data is sourced. [transfer:n/a]
0084_longkernel_conv1d	0076_confidence_gated_blend	null	null	null	null	8906.82	true	false	TODO	TODO
0083_ternary_body	0076_confidence_gated_blend	2.03033558	2.0998	-0.069464	16.812	8967.03	false	true	keep	BitNet b1.58 ternary body (BitLinear absmean STE in MLP/Mamba2/Attn): val 2.0303 + cap-bust 16.81 MB. Pre-quant 2.10 (model alone, +0.10 vs 0064=2.003 baseline) → ternary trains but adds penalty. Cap-bust because brotli inefficient on ternary int8 weights (ratio 0.89 vs 0076's 0.85). v2 packed-ternary serialization is mandatory to fit cap. [transfer:medium-low — informative null at v1, v2 cap-saving needed]
0086_v2_packed_ternary	0083_ternary_body	2.01279414	2.0933	-0.080506	7.956	8621.73	false	false	keep	v2 packed-ternary serialization: 2 bits/param for BitLinear weights (bypasses int8). artifact 7.96 MB vs 0083's 16.81 MB — FREED 8.86 MB cap. post-quant 2.0128 BETTER than 0083's 2.0303 (-0.018 BPB) because lossless packed beats int8-of-fp32 round-trip. Pre-quant 2.0933 matches 0083 (forward identical). v2 unlocks scale-up axis. [transfer:high — cap-saving + cleaner quant path]
0088_ternary_packed_dim640	0086_v2_packed_ternary	2.00797594	2.0881	-0.080124	10.769	11618.54	false	false	keep	d_model 512→640 + packed ternary body. val 2.008 vs 0086 (dim=512) 2.013 = -0.005 (NEUTRAL within MPS noise). artifact 10.77 MB vs 0086 7.96 MB = +2.81 MB for marginal gain. step time 11.6s vs 0086 8.6s = 35% slower. Scale-up alone at 200 steps below promote threshold. [transfer:medium — confirms scale alone insufficient at 200 MPS steps]
0089_fuzzy_kgram_softdp	0076_confidence_gated_blend	1.94893718	1.9986	-0.049663	15.87	8139.14	false	false	keep	Soft-DP fuzzy K-gram fallback (1-edit substitution at p1/p2/p3, FUZZY_DOWNWEIGHT=0.5): val 1.9489 vs 0076 single-seed 1.9483 = +0.0006 (NEUTRAL within MPS noise). Coverage probe predicted +40pp coverage gain but BPB didn't follow — fuzzy neighbor predictions downweighted by 0.5 collapse to bigram quality. Try DOWNWEIGHT=0.8/1.0 sweep next. [transfer:medium-low — coverage-vs-BPB disconnect is itself informative]
0091_fuzzy_kgram_softdp_dw_high	0089_fuzzy_kgram_softdp	1.95020253	2.0008	-0.050597	15.885	8147.92	false	false	discard	Fuzzy K-gram with DOWNWEIGHT=0.8 (vs 0089's 0.5): val 1.9502 (vs 0089 1.9489 = +0.0013, vs 0076 1.9483 = +0.002). Higher fuzzy confidence is mildly WORSE. Confirms 0089's diagnostic: fuzzy neighbors give noisier predictions than bigram fallback; raising trust amplifies noise. Soft-DP axis dead at this regime. [transfer:n/a — axis closed]
0087_ternary_lr_rescue	0083_ternary_body	1.98781416	2.0476	-0.059786	19.832	8353.39	false	true	keep	BitNet recipe rescue: MATRIX_LR=0.135 (×3 boost). Pre-quant 2.048 vs 0083's 2.10 = -0.052 BPB recovered (HALF the +0.10 ternary penalty). Post-quant 1.988 with cap-bust 19.83 MB (forked 0083, no v2 packing). Confirms LR axis is real for ternary; combined with 0086 v2 packed could land val ~1.99 at ~10 MB. [transfer:medium — recipe + cap path are the two ternary levers]
0092_dendritic_memory_v1_crash1	0086_v2_packed_ternary	null	null	null	null	null	true	false	crash	First launch crashed: dtype mismatch in dendritic_memory.forward (out fp32, projected bf16). Fixed in modules/dendritic_memory.py:239 with .to(out.dtype). Re-launching as 0092.
0092_dendritic_memory_v1	0086_v2_packed_ternary	2.01996199	2.1014	-0.081438	8.044	8401.06	false	false	discard	Dendritic memory v1 (warm-start K=4 patterns from 50M tokens, M=32K dendrites, learnable d_content=32 + zero-init proj→d_model). val 2.020 vs 0086 2.013 = +0.007 (slight regression). Smoke showed 20% fire rate per token (dense gradient flow), but content vectors didn't converge in 200 steps. Same failure mode as 0073/0080 — warm-start solved sparse-gradient issue but training-duration bottleneck remains. Brief option (d-warm) tested. [transfer:low — needs longer training; H100 20k might unlock]
0093_ternary_lr_rescue_packed	0086_v2_packed_ternary	1.99285864	2.0563	-0.063441	8.211	8347.30	false	false	keep	Combined: BitLinear ternary body + MATRIX_LR=0.135 (×3) + v2 packed-ternary serialization. val 1.993 at 8.21 MB. vs 0086 (no LR rescue) 2.013 = -0.020 BPB. vs 0087 (LR rescue, no v2) 1.988 cap-bust 19.83 MB → CLEAN COMPOSITION at half the cap. vs 0076 1.948 still +0.045. Confirms LR rescue and v2 packing are independent levers that stack. [transfer:high — best ternary result at full cap]
0094_dendritic_lr_rescue	0092_dendritic_memory_v1	1.99957411	2.0622	-0.062626	8.304	8424.19	false	false	discard	Dendritic v1 + LR×3 to test outside-eyes unified hypothesis. val 2.000 vs 0093 (LR×3 + v2 packed, no dendritic) 1.993 = +0.007 NEUTRAL. Dendritic content vectors did NOT unlock at LR×3. SPLIT FINDING: LR×3 helps BitLinear body (recovers half ternary penalty per 0087) but does NOT help dendritic content vectors — those are training-duration-bound, not LR-bound. Disambiguates 0073/0080/0092 failure mode partially. [transfer:medium — informative null]
0095_rank_coded_blend	0076_confidence_gated_blend	1.96733490	1.9997	-0.032365	15.892	8142.27	false	false	discard	Rank-coded blend (Option 3): replace per-(ctx, rank) log2p with global rank template at K=4 lookup. val 1.9673 vs 0076 single 1.9483 = +0.019 REGRESSION. Per-context log2p calibration IS load-bearing — global rank template loses 0.019 BPB. Brief's strong-form rank-info-suffices claim FALSIFIED at our regime. The per-context information that current top-2 storage carries is irreducible to global rank statistics. [transfer:high — empirical answer to brief central density question, NEGATIVE]
0085_hsm_no_static_disambig	0080_dense_attn_hsm	2.00833883	2.0068	0.001539	13.532	8147.94	false	false	keep	Outside-eyes-suggested disambig: dense-attn HSM (16 keys × d_model) WITHOUT static side memory crowding (TRIGRAM_SIDE_MEMORY=0). val 2.008 vs 0064 baseline (no HSM, no side mem) ~2.003 = +0.005 NEUTRAL. CONFIRMS original 0073/0080 interpretation: HSM doesn't help even without static-memory crowding → "200 steps too short for learnable HSM" is correct, not a crowding artifact. Closes unified-LR-hypothesis disambiguation. [transfer:high — settles load-bearing assumption]
0084_longkernel_conv1d	0076_confidence_gated_blend	1.96008436	2.0170	-0.056916	16.056	8588.69	false	true	discard	Re-launch (first attempt killed by MPS contention). Body-axis temporal probe per outside-eyes flag: kill-Mamba-2 conv1d kernel 4→16. val 1.960 vs 0076 1.948 = +0.012 REGRESSION + cap-bust 16.05 MB. Kernel=4 was already saturated for 200-step regime; longer kernel adds capacity model can't use AND adds 50KB per layer that brotli compresses poorly. Body-axis temporal axis at MPS 200 steps: closed. May still help at H100 20k. [transfer:medium-low — try at H100 if other temporal tests show signal]
0096_ternary_long_train_mps	0093_ternary_lr_rescue_packed	null	null	null	null	8674.74	true	false	TODO	TODO
0001_regression_check_cuda	canonical	2.43458582	2.4340	0.000586	11.404	314.62	false	false	crash	pre-fix sentinel; LR-schedule mismatch (canonical defaults vs script-set), ignore as anchor — superseded by 0002. [transfer:n/a]
0002_regression_check_cuda_v2	canonical	2.51151506	2.5041	0.007415	6.914	134.13	false	false	sentinel	CUDA anchor val_bpb 2.5115 vs MPS anchor 2.5212 = 0.0097 bf16-reduction-order drift. All future CUDA Δ-comparisons go against 2.5115. step_avg_ms 134 on 5090 = ~10× MPS speedup. [transfer:n/a — anchor]
0097_cloud_workflow_smoke	canonical	2.86787287	2.8682	-0.000327	7.827	199.64	false	false	keep	cloud workflow validation smoke (e2e: new_experiment.sh → push → pull → preflight → tmux launch → commit-from-pod → pull on Mac). Artificially low ITERATIONS=20 so val 2.87 ≫ anchor — not a real eval, just exercises the path. [transfer:n/a]
0098_ssm_frontier_cuda_200	0064_brotli_swap	2.00284328	1.9999	0.002943	13.449	691.58	false	false	sentinel	CUDA SSM anchor: kill-Mamba-2 triple-parallel + brotli reproduce of MPS 0064 (val 2.0030) on RTX 5090. val_bpb 2.0028 (Δ -0.0002, clean MPS→CUDA transfer). step_avg 692ms = 12.5x MPS speedup. step1 train_loss 20.6 (>>ln(vocab)=6.93) is expected for TIED_EMBED_INIT_STD=0.05 + recur+SwiGLU stack — model recovers by step 10, final val matches MPS exactly. [transfer:n/a — anchor]
0099_ternary_extended_cuda_2k	0093_ternary_lr_rescue_packed	null	1.6499	null	7.847	259.30	true	false	crash	BitNet 25x test, 2000 CUDA steps. PRE-QUANT val_bpb 1.6499 (vs 0093 MPS pre-quant 2.0563 = -0.41 BPB just from 10x training; vs 0098 SSM frontier 200-step pre-quant 2.0000 = -0.35). Post-quant CRASHED in eval — torch.compile/dynamo bug at trigram_side_memory.py:634 (Tensor.item() with capture_scalar_outputs=False). Pre-quant is the BitNet penalty test signal; post-quant requires fixing the dynamo bug or disabling torch.compile. step_avg 259ms artifact 7.85 MB (cap-clear). [transfer:medium — pre-quant only]
0100_dendritic_extended_cuda_2k	0092_dendritic_memory_v1	1.66676036	1.6659	0.00086	5.277	553.06	false	false	keep	dendritic memory v1 extended to 2000 CUDA steps. Pre-quant 1.6659, post-quant 1.6668 (vs 0099 ternary+LR3 2k pre-quant 1.6499 = +0.016, confounded: dendritic+default-LR vs no-dendritic+LR×3). Artifact 5.28 MB (huge headroom). At MPS 200 steps 0094 had dendritic+LR×3 vs 0093 no-dendritic+LR×3 = +0.007 (neutral); CUDA 2k pattern looks similar. Note: torch.compile DISABLED for this exp (fullgraph rejects boolean indexing in dendritic_memory.forward); 553ms/step vs 0099/0103 expected ~250ms with compile. [transfer:medium — n=1 but consistent w/ MPS pattern of dendritic-neutral]
0101_transformer_baseline_cuda_2k	0076_confidence_gated_blend	1.57505721	1.5739	0.00114	13.444	217.37	false	false	keep	transformer baseline (no ternary, no dendritic, default LR, TRIGRAM_SIDE_MEMORY=0) at CUDA 2000 steps batch 24576. Pre-quant 1.5739, post-quant ~1.575 (default fp16+int8 quant). vs 0099 ternary+LR×3 pre-quant 1.6499 = ternary penalty +0.076 BPB at 2k CUDA. vs MPS-200 penalty ~+0.10, narrowed by 0.024 in 10x training. BitNet 25x claim qualitatively supported but slowly enough at our 27M-param SP1024 regime that H100 20k would still leave ~+0.05 ternary penalty. Strong directional negative for ternary as the deployment recipe. [transfer:high — n=1 anchor for the 2k CUDA decomposition]
0102_ssm_frontier_ternary_cuda_2k	0099_ternary_extended_cuda_2k	null	null	null	null	null	true	false	TODO	TODO
